<?xml version="1.0" encoding="utf-8" standalone="yes"?>
<addon id="service.subloader"
    name="Sub Loader" version="0.0.8" provider-name="DenimNani">
  <requires>
    <import addon="xbmc.python" version="2.14.0"/>
  </requires>
  <extension point="xbmc.service" library="monitor.py" start="login"></extension>  
  <extension point="xbmc.addon.metadata">
    <summary lang="en">Auto Search for Subtitles on Play</summary>
    <description lang="en">Auto Search for Subtitles on Playback start if no subs are found.</description>
    <platform>all</platform>
    <language>en</language>
    <license>GPL</license>
    <website></website>
	<assets>
		<icon>iconsubloader.png</icon>
		<fanart>fanartsubloader.png</fanart>
		<screenshot>resources/media/screenshots/screenshot1subLoader.jpg</screenshot>
		<screenshot>fanartsubloader.png</screenshot>
	</assets>
    <source></source>
    <forum></forum>
    <email></email>
	<news>0.0.8
Added query search if no valid IMDBNumber was found.
Clean up.

0.0.7
Added Portuguese language.
Added ability to choose (subtitle search dialog) as a fallback.

0.0.6
Added notifications if enabled.

0.0.1
Sub Loader is a fork from the well known autosubs addon.
All credits to the original developers.</news>
  </extension>
</addon>
