<?xml version="1.0" encoding="utf-8" standalone="yes"?>
<addon id="service.subloader"
    name="SubLoader" version="0.1.2" provider-name="DenimNani">
  <requires>
    <import addon="xbmc.python" version="2.14.0"/>
  </requires>
  <extension point="xbmc.service" library="monitor.py" start="login"></extension>  
  <extension point="xbmc.addon.metadata">
    <summary lang="en">Automatic subtitles on play</summary>
    <description lang="en">Auto download the best subtitle automatically as soon you start the video.
Special thanks to OpenSubtitles.org for providing a great source of subtitles.
The SubLoader uses some code from the great addon Autosubs, special thanks to Zeljko Ametovic and schumi2004.</description>
    <platform>all</platform>
    <language>en</language>
    <license>GPL</license>
    <website>https://github.com/denimnani</website>
	<assets>
		<icon>iconsubloader.png</icon>
		<fanart>fanartsubloader.png</fanart>
		<screenshot>resources/media/screenshots/screenshot1subLoader.jpg</screenshot>
		<screenshot>fanartsubloader.png</screenshot>
	</assets>
    <source>https://github.com/denimnani/service.subloader</source>
    <forum></forum>
    <email></email>
	<news>0.1.2     17.06.2019
Added a unique User Agent from Opensubtitles.org.

0.1.1     12.06.2019
Fixed release detection bug.
Fixed typo.

0.1.0     10.06.2019
Fixed instalation bug.
Fixed notifications bug.
Started Beta convergence.
Added default behavior selection.
Added auto donwload any subtitle if no match found.
Updated settings xml.
Updated strings po.
Release type detection improved.

0.0.9
Release type detection improved.
More clean up.</news>
  </extension>
</addon>
